<nmaprun scanner="nmap" args="&quot;C:/Program Files (x86)/Nmap/nmap.exe&quot; -v -oX - -Pn -sU -p44818 172.16.98.20" start="1702298141" startstr="Mon Dec 11 18:05:41 2023" version="7.94" xmloutputversion="1.05">
<scaninfo type="udp" protocol="udp" numservices="1" services="44818" />
<verbose level="1" />
<debugging level="0" />
<taskbegin task="Parallel DNS resolution of 1 host." time="1702298141" />
<taskend task="Parallel DNS resolution of 1 host." time="1702298141" />
<taskbegin task="UDP Scan" time="1702298141" />
<taskend task="UDP Scan" time="1702298142" extrainfo="1 total ports" />
<host starttime="1702298142" endtime="1702298142"><status state="up" reason="user-set" reason_ttl="0" />
<address addr="172.16.98.20" addrtype="ipv4" />
<hostnames>
<hostname name="KWTPRCISCOBCSN1.mha.local" type="PTR" />
</hostnames>
<ports><port protocol="udp" portid="44818"><state state="closed" reason="port-unreach" reason_ttl="122" /><service name="EtherNetIP-2" method="table" conf="3" /></port>
</ports>
<times srtt="213000" rttvar="213000" to="1065000" />
</host>
<runstats><finished time="1702298142" timestr="Mon Dec 11 18:05:42 2023" summary="Nmap done at Mon Dec 11 18:05:42 2023; 1 IP address (1 host up) scanned in 0.73 seconds" elapsed="0.73" exit="success" /><hosts up="1" down="0" total="1" />
</runstats>
</nmaprun><scaninfo type="udp" protocol="udp" numservices="1" services="44818" />
<verbose level="1" />
<debugging level="0" />
<taskbegin task="Parallel DNS resolution of 1 host." time="1702298141" />
<taskend task="Parallel DNS resolution of 1 host." time="1702298141" />
<taskbegin task="UDP Scan" time="1702298141" />
<taskend task="UDP Scan" time="1702298142" extrainfo="1 total ports" />
<host starttime="1702298142" endtime="1702298142"><status state="up" reason="user-set" reason_ttl="0" />
<address addr="172.16.98.20" addrtype="ipv4" />
<hostnames>
<hostname name="KWTPRCISCOBCSN1.mha.local" type="PTR" />
</hostnames>
<ports><port protocol="udp" portid="44818"><state state="closed" reason="port-unreach" reason_ttl="122" /><service name="EtherNetIP-2" method="table" conf="3" /></port>
</ports>
<times srtt="213000" rttvar="213000" to="1065000" />
</host>
<status state="up" reason="user-set" reason_ttl="0" />
<address addr="172.16.98.20" addrtype="ipv4" />
<hostnames>
<hostname name="KWTPRCISCOBCSN1.mha.local" type="PTR" />
</hostnames>
<hostname name="KWTPRCISCOBCSN1.mha.local" type="PTR" />
<ports><port protocol="udp" portid="44818"><state state="closed" reason="port-unreach" reason_ttl="122" /><service name="EtherNetIP-2" method="table" conf="3" /></port>
</ports>
<port protocol="udp" portid="44818"><state state="closed" reason="port-unreach" reason_ttl="122" /><service name="EtherNetIP-2" method="table" conf="3" /></port>
<state state="closed" reason="port-unreach" reason_ttl="122" /><service name="EtherNetIP-2" method="table" conf="3" /><times srtt="213000" rttvar="213000" to="1065000" />
<runstats><finished time="1702298142" timestr="Mon Dec 11 18:05:42 2023" summary="Nmap done at Mon Dec 11 18:05:42 2023; 1 IP address (1 host up) scanned in 0.73 seconds" elapsed="0.73" exit="success" /><hosts up="1" down="0" total="1" />
</runstats>
<finished time="1702298142" timestr="Mon Dec 11 18:05:42 2023" summary="Nmap done at Mon Dec 11 18:05:42 2023; 1 IP address (1 host up) scanned in 0.73 seconds" elapsed="0.73" exit="success" /><hosts up="1" down="0" total="1" />
<nmaprun scanner="nmap" args="&quot;C:/Program Files (x86)/Nmap/nmap.exe&quot; -v -oX - -Pn -sU -p44818 172.16.98.20" start="1702448440" startstr="Wed Dec 13 11:50:40 2023" version="7.94" xmloutputversion="1.05">
<scaninfo type="udp" protocol="udp" numservices="1" services="44818" />
<verbose level="1" />
<debugging level="0" />
<taskbegin task="Parallel DNS resolution of 1 host." time="1702448441" />
<taskend task="Parallel DNS resolution of 1 host." time="1702448441" />
<taskbegin task="UDP Scan" time="1702448441" />
<taskend task="UDP Scan" time="1702448441" extrainfo="1 total ports" />
<host starttime="1702448441" endtime="1702448441"><status state="up" reason="user-set" reason_ttl="0" />
<address addr="172.16.98.20" addrtype="ipv4" />
<hostnames>
<hostname name="KWTPRCISCOBCSN1.mha.local" type="PTR" />
</hostnames>
<ports><port protocol="udp" portid="44818"><state state="closed" reason="port-unreach" reason_ttl="122" /><service name="EtherNetIP-2" method="table" conf="3" /></port>
</ports>
<times srtt="233000" rttvar="233000" to="1165000" />
</host>
<runstats><finished time="1702448441" timestr="Wed Dec 13 11:50:41 2023" summary="Nmap done at Wed Dec 13 11:50:41 2023; 1 IP address (1 host up) scanned in 0.76 seconds" elapsed="0.76" exit="success" /><hosts up="1" down="0" total="1" />
</runstats>
</nmaprun><scaninfo type="udp" protocol="udp" numservices="1" services="44818" />
<verbose level="1" />
<debugging level="0" />
<taskbegin task="Parallel DNS resolution of 1 host." time="1702448441" />
<taskend task="Parallel DNS resolution of 1 host." time="1702448441" />
<taskbegin task="UDP Scan" time="1702448441" />
<taskend task="UDP Scan" time="1702448441" extrainfo="1 total ports" />
<host starttime="1702448441" endtime="1702448441"><status state="up" reason="user-set" reason_ttl="0" />
<address addr="172.16.98.20" addrtype="ipv4" />
<hostnames>
<hostname name="KWTPRCISCOBCSN1.mha.local" type="PTR" />
</hostnames>
<ports><port protocol="udp" portid="44818"><state state="closed" reason="port-unreach" reason_ttl="122" /><service name="EtherNetIP-2" method="table" conf="3" /></port>
</ports>
<times srtt="233000" rttvar="233000" to="1165000" />
</host>
<status state="up" reason="user-set" reason_ttl="0" />
<address addr="172.16.98.20" addrtype="ipv4" />
<hostnames>
<hostname name="KWTPRCISCOBCSN1.mha.local" type="PTR" />
</hostnames>
<hostname name="KWTPRCISCOBCSN1.mha.local" type="PTR" />
<ports><port protocol="udp" portid="44818"><state state="closed" reason="port-unreach" reason_ttl="122" /><service name="EtherNetIP-2" method="table" conf="3" /></port>
</ports>
<port protocol="udp" portid="44818"><state state="closed" reason="port-unreach" reason_ttl="122" /><service name="EtherNetIP-2" method="table" conf="3" /></port>
<state state="closed" reason="port-unreach" reason_ttl="122" /><service name="EtherNetIP-2" method="table" conf="3" /><times srtt="233000" rttvar="233000" to="1165000" />
<runstats><finished time="1702448441" timestr="Wed Dec 13 11:50:41 2023" summary="Nmap done at Wed Dec 13 11:50:41 2023; 1 IP address (1 host up) scanned in 0.76 seconds" elapsed="0.76" exit="success" /><hosts up="1" down="0" total="1" />
</runstats>
<finished time="1702448441" timestr="Wed Dec 13 11:50:41 2023" summary="Nmap done at Wed Dec 13 11:50:41 2023; 1 IP address (1 host up) scanned in 0.76 seconds" elapsed="0.76" exit="success" /><hosts up="1" down="0" total="1" />
